days_to_event,mean_price,median_price,min_price,max_price,price_std,transaction_count,total_tickets,price_change,price_change_pct,zone
1,1670.44,1670.44,1295.62,2045.26,530.0755274486836,2,4,-511.03999999999996,-0.23426297742816804,Luxury
3,2181.48,2181.48,2181.48,2181.48,,1,2,-924.0720000000001,-0.29755483083200673,Luxury
4,3105.552,3184.73,2485.25,3609.83,411.4748917248777,5,9,1490.0520000000001,0.922347260909935,Luxury
5,1615.5,1615.5,1615.5,1615.5,,1,2,-219.64199999999983,-0.11968665095126141,Luxury
6,1835.1419999999998,1669.84,1594.73,2447.95,353.2834721155236,5,18,-1730.0680000000002,-0.4852639816448401,Luxury
9,3565.21,3565.21,3565.21,3565.21,,1,4,173.3800000000001,0.05111694866782823,Luxury
10,3391.83,3391.83,3312.01,3471.65,112.88252654862019,2,6,34.559999999999945,0.01029407822427153,Luxury
24,3357.27,3357.27,1890.0,4824.54,2075.033133663171,2,4,1377.27,0.6955909090909091,Luxury
32,1980.0,1980.0,1980.0,1980.0,,1,2,-1972.3400000000001,-0.4990309538147022,Luxury
43,3952.34,3952.34,3952.34,3952.34,,1,2,3419.8100000000004,6.421816611270727,Luxury
54,532.53,532.53,532.53,532.53,,1,2,-1492.66,-0.7370468943654669,Luxury
66,2025.19,2025.19,2025.19,2025.19,,1,2,-1166.0700000000002,-0.3653948597105846,Luxury
86,3191.26,3191.26,3191.26,3191.26,,1,2,241.76000000000022,0.08196643498898126,Luxury
96,2949.5,2949.5,2949.5,2949.5,,1,2,-872.0100000000002,-0.22818467045748936,Luxury
110,3821.51,3821.51,3821.51,3821.51,,1,2,-1768.4099999999999,-0.3163569424964937,Luxury
135,5589.92,5589.92,5589.92,5589.92,,1,2,2529.38,0.8264489273134807,Luxury
157,3060.54,3060.54,3060.54,3060.54,,1,4,-334.46000000000004,-0.09851546391752575,Luxury
161,3395.0,3395.0,3395.0,3395.0,,1,2,397.6999999999998,0.1326860841423947,Luxury
162,2997.3,2997.3,2997.3,2997.3,,1,4,815.8200000000002,0.37397546619726074,Luxury
164,2181.48,2181.48,2181.48,2181.48,,1,2,-1538.0500000000002,-0.41350654518178376,Luxury
165,3719.53,3719.53,3719.53,3719.53,,1,4,,,Luxury
1,557.9069999999999,503.1,355.02,962.36,184.37744405088395,20,46,-7.223133333333408,-0.012781362923843465,Premium
2,565.1301333333333,501.76,327.6,989.1,171.2593610421824,75,199,-42.74710476190478,-0.07032193686977217,Premium
3,607.8772380952381,588.59,363.75,1025.08,192.41711021339935,105,259,-88.47978318135756,-0.1270609478729059,Premium
4,696.3570212765957,697.03,367.98,1046.98,196.74870379991268,94,225,64.38913666121107,0.1018867227729432,Premium
5,631.9678846153846,595.14,387.03,967.26,154.99490943363062,52,129,-49.09003205128204,-0.07207908586034162,Premium
6,681.0579166666666,674.925,390.91,1072.78,183.78845994330908,48,121,64.59641666666664,0.10478580846762808,Premium
7,616.4615,579.13,412.25,1058.4,169.8390985994595,40,86,-162.48581707317078,-0.20859667080399946,Premium
8,778.9473170731708,774.2,430.1,1161.3,221.24317723971046,41,95,38.648199426112,0.05220619409752936,Premium
9,740.2991176470588,719.675,441.59,1104.46,207.76834540839786,34,77,2.885506535947684,0.003913009595252648,Premium
10,737.4136111111111,717.49,416.18,1173.53,208.83937107127204,36,100,-3.3284578544061105,-0.004493410046299218,Premium
11,740.7420689655172,664.44,360.0,1175.64,277.5983757977818,29,68,32.986354679802844,0.04660697754039833,Premium
12,707.7557142857144,717.36,437.47,965.11,155.21848673954491,21,48,181.64196428571438,0.345252265856413,Premium
13,526.11375,516.525,421.99,636.63,88.85074562553929,8,28,-164.75125000000003,-0.23847097479247037,Premium
14,690.865,575.875,453.96,1157.75,317.449677324349,4,6,214.91833333333335,0.4515596985656656,Premium
15,475.94666666666666,473.36,450.08,504.4,27.252224374045745,3,6,-293.3533333333333,-0.38132501408206587,Premium
18,769.3,769.3,769.3,769.3,,1,2,210.79666666666662,0.3774313492608221,Premium
19,558.5033333333333,531.78,495.95,647.78,79.36428436855793,3,6,-300.18166666666673,-0.34958298638810126,Premium
22,858.6850000000001,961.005,490.59,1111.58,237.22956388977605,10,26,228.94000000000005,0.36354397414826645,Premium
23,629.745,629.745,595.58,663.91,48.31660635847674,2,6,-91.61227272727274,-0.12699986011218756,Premium
24,721.3572727272727,639.13,532.53,1202.46,192.13452964477307,11,29,-206.8972727272726,-0.22288851020488099,Premium
25,928.2545454545453,900.3,580.06,1274.0,215.45622039586772,11,28,198.64454545454532,0.27226127034243675,Premium
26,729.61,729.61,570.36,888.86,225.2135098079154,2,4,-37.23363636363638,-0.04855440483303464,Premium
27,766.8436363636364,706.085,554.84,1215.2,190.21532431745555,22,54,70.51696969696968,0.10126995427955698,Premium
28,696.3266666666667,661.21,450.0,1215.0,207.12564343822075,12,30,3.0695238095238437,0.004427684360918782,Premium
29,693.2571428571429,634.38,535.5,1090.74,187.9785368700627,7,21,-49.52085714285715,-0.06666979520510452,Premium
30,742.778,708.095,553.7,1103.85,169.37575543414965,10,25,-61.625157894736844,-0.07660979111024457,Premium
31,804.4031578947369,707.65,495.0,1275.52,284.3976297575208,19,50,56.498872180451144,0.07554291807071523,Premium
32,747.9042857142857,693.84,515.07,1200.5,243.51134633777974,7,21,-324.8177142857145,-0.302797662661635,Premium
33,1072.7220000000002,1135.87,737.59,1210.19,193.06411543836933,5,10,252.24366666666685,0.30743489062274665,Premium
34,820.4783333333334,663.995,571.33,1227.94,303.45868420044707,6,13,-105.09833333333347,-0.11354903069437805,Premium
35,925.5766666666668,1046.64,608.19,1121.9,277.42879993492625,3,8,107.16666666666686,0.13094496238641606,Premium
36,818.41,820.26,495.0,1194.62,233.06015176014438,14,34,103.45249999999999,0.14469741208393505,Premium
37,714.9575,675.86,510.22,1055.18,157.61981665473647,12,26,-40.64949999999999,-0.0537971458708032,Premium
38,755.607,662.565,495.0,1148.26,218.5322032176446,20,42,-0.9920909090909618,-0.0013112504640984124,Premium
39,756.5990909090909,738.92,524.77,1171.1,214.09425874854955,11,29,-53.476909090908975,-0.06601468145076383,Premium
40,810.0759999999999,766.4,540.0,1221.08,210.5881292543745,15,35,37.93327272727265,0.04912728099020769,Premium
41,772.1427272727273,670.81,509.25,1229.58,250.61917776143582,11,23,55.52426573426567,0.07748093122672861,Premium
42,716.6184615384616,592.9,436.69,1232.93,253.1655937604922,13,34,-54.016205128205115,-0.07009314200962291,Premium
43,770.6346666666667,682.69,545.86,1265.85,235.86332606789364,15,34,16.144666666666694,0.021398118817567813,Premium
44,754.49,681.24,500.4,1222.06,229.24846312713603,14,37,-155.16892857142864,-0.17057923986423484,Premium
45,909.6589285714286,977.2,521.86,1277.27,278.6540553544416,28,72,224.022261904762,0.3267361166576497,Premium
46,685.6366666666667,638.0,504.67,1116.71,193.60007412188665,9,21,-13.671904761904784,-0.019550603725584814,Premium
47,699.3085714285714,638.0,495.0,1116.71,202.90375365581352,7,13,-57.49309523809529,-0.07596851033814933,Premium
48,756.8016666666667,663.465,585.53,1198.93,231.66403980045473,6,11,-146.47833333333324,-0.1621627107135476,Premium
51,903.28,903.28,903.28,903.28,,1,2,328.66599999999994,0.571977014134706,Premium
52,574.614,579.18,413.06,705.96,108.77112383348808,5,11,-46.635374999999954,-0.07506707753227104,Premium
53,621.249375,627.2750000000001,342.41,1103.85,192.0240367061287,16,45,-104.02517045454556,-0.14342867967240003,Premium
54,725.2745454545455,776.7,465.12,903.36,150.922293605924,11,21,-9.562254545454493,-0.013012759493610693,Premium
55,734.8368,697.5,386.63,1179.52,234.29486898137566,25,62,36.90680000000009,0.052880374822690035,Premium
56,697.93,664.44,573.27,888.86,107.57266416241627,9,21,-29.473333333333358,-0.04051855687582773,Premium
57,727.4033333333333,720.19,503.14,928.17,146.46897905100053,12,23,-12.187916666666638,-0.01647926022200319,Premium
58,739.59125,736.675,405.0,1127.0,220.17650355642704,16,34,-23.688750000000027,-0.031035465360025216,Premium
59,763.28,683.06,452.02,1090.8,211.43944996144876,9,18,81.55999999999995,0.11963856128615835,Premium
60,681.72,636.02,448.14,1106.42,208.31339071216715,13,34,-20.53714285714284,-0.029244476992554613,Premium
61,702.2571428571429,580.16,506.34,1044.68,222.3832881696439,7,15,-43.85785714285714,-0.05878163170939754,Premium
62,746.115,717.335,412.39,1103.85,247.93719659853957,8,22,-0.5950000000000273,-0.0007968287554740439,Premium
63,746.71,764.6700000000001,463.5,1103.85,185.89604626828893,12,26,92.15333333333331,0.14078740317874172,Premium
64,654.5566666666667,592.12,461.72,1108.93,230.2759202058841,6,12,-34.02708333333328,-0.0494160417426831,Premium
65,688.58375,600.0250000000001,460.75,1090.8,223.1389926184702,8,18,-3.7362499999999272,-0.005396709614051254,Premium
66,692.3199999999999,710.5,518.95,1003.05,171.69086648198075,7,15,-411.53,-0.3728133351451737,Premium
67,1103.85,1103.85,1103.85,1103.85,,1,4,334.6399999999999,0.4350437461811467,Premium
68,769.21,769.21,670.27,868.15,139.92228986119397,2,6,88.85000000000002,0.13059262743253575,Premium
69,680.36,594.3199999999999,539.1,943.01,176.7288904508824,6,11,-163.54999999999995,-0.19380028676043648,Premium
70,843.91,900.89,483.06,1090.8,275.9874076837565,4,9,125.85500000000002,0.17527208918536874,Premium
71,718.055,666.1800000000001,499.55,1090.8,232.42004524136894,6,14,30.240833333333285,0.04396657527408676,Premium
72,687.8141666666667,624.05,456.87,1090.8,198.2936504488566,12,27,67.07305555555558,0.10805318731910063,Premium
73,620.7411111111111,623.28,445.23,838.88,160.05422764210607,9,23,-178.7788888888889,-0.2236077757765771,Premium
74,799.52,776.7,531.06,1090.8,280.5668925586196,3,5,68.05250000000001,0.09303557574328325,Premium
75,731.4675,668.615,585.59,1003.05,190.16254211857807,4,8,-13.545000000000073,-0.018180903004983207,Premium
76,745.0125,761.35,638.07,819.28,83.7781050851991,4,8,139.8565000000001,0.23110817706508757,Premium
77,605.156,585.59,430.68,815.36,177.98152356354296,5,12,-115.77581818181818,-0.16059191072160395,Premium
78,720.9318181818181,656.6,450.11,1058.4,232.53697275135332,11,27,49.538693181818076,0.07378492769317235,Premium
79,671.393125,628.725,425.83,1003.05,171.8171265316218,16,41,-124.4643749999999,-0.1563902771538873,Premium
80,795.8575,750.46,476.1,1103.85,207.33655539309203,12,26,98.87365384615373,0.1418593191101436,Premium
81,696.9838461538462,702.48,396.32,1090.8,198.0937560659288,13,27,7.39984615384617,0.010730884350341974,Premium
82,689.5840000000001,638.07,585.59,903.15,130.08397357092068,5,12,-10.573999999999955,-0.015102305479620215,Premium
83,700.158,701.2249999999999,442.7,1062.32,166.12937928681436,10,20,-36.11790909090905,-0.049054856535377334,Premium
84,736.2759090909091,631.3399999999999,418.6,1104.46,205.9275098220613,22,47,13.191909090909007,0.018243951035991746,Premium
85,723.0840000000001,660.52,411.82,1090.8,277.34301940273986,15,39,100.9862222222223,0.16233175206469874,Premium
86,622.0977777777778,585.59,411.38,1003.05,191.51740611350303,9,17,-267.1922222222222,-0.30045566937919266,Premium
87,889.29,933.75,573.3,1116.36,261.21080452385576,4,7,372.28,0.7200634417129261,Premium
88,517.01,517.01,517.01,517.01,,1,1,-155.68499999999995,-0.23143475126171587,Premium
89,672.6949999999999,568.675,428.74,1113.3,248.62773968101163,10,28,-110.14333333333332,-0.1406974194331312,Premium
90,782.8383333333333,840.805,387.0,1058.4,217.68385966948964,12,23,54.75722222222214,0.07520758523546656,Premium
91,728.0811111111111,690.9,501.49,1000.93,183.7959343568598,9,26,83.9711111111111,0.1303676563181928,Premium
92,644.11,669.34,497.61,765.38,135.65621216884983,3,11,256.25,0.6606765327695561,Premium
93,387.86,387.86,367.11,408.61,29.34493141924172,2,4,-322.8539999999999,-0.45426711729331337,Premium
95,710.7139999999999,617.5,576.11,1023.3,184.0323332460902,5,9,224.05399999999992,0.4603912382361399,Premium
96,486.66,488.165,395.33,574.98,97.29692115718086,4,9,-206.18714285714287,-0.2975939858925799,Premium
97,692.8471428571429,652.27,507.88,1023.3,161.56658149859723,7,14,-6.200357142857115,-0.008869722218958098,Premium
98,699.0475,732.81,408.39,922.18,214.15465865817623,4,9,38.911500000000046,0.05894467200698039,Premium
99,660.136,710.28,493.2,805.56,129.5711591365918,5,12,48.442666666666696,0.0791943675480089,Premium
100,611.6933333333333,582.0,406.12,889.84,194.3714419009816,6,14,-110.09666666666669,-0.15253282348975006,Premium
101,721.79,721.79,420.28,1023.3,426.39953119111186,2,6,183.5374999999999,0.34098773345223643,Premium
102,538.2525,466.22,427.75,792.82,170.98663639302347,4,14,98.0558333333334,0.22275460210966336,Premium
103,440.19666666666666,392.92,366.13,561.54,105.93667652580635,3,6,-61.29333333333335,-0.12222244378418978,Premium
104,501.49,501.49,501.49,501.49,,1,2,-263.8499999999999,-0.3447487391224814,Premium
105,765.3399999999999,765.3399999999999,507.38,1023.3,364.8105305497636,2,4,-23.526666666666756,-0.029823375306346822,Premium
106,788.8666666666667,821.59,585.59,959.42,189.05112968012997,3,5,19.62166666666667,0.02550769477431336,Premium
107,769.245,769.245,491.79,1046.7,392.3806239482271,2,3,174.46875,0.29333509870308383,Premium
108,594.77625,590.385,396.95,819.28,126.415793197064,8,18,-103.30708333333337,-0.1479867494329713,Premium
109,698.0833333333334,628.56,513.13,952.56,227.81527963096187,3,8,41.933333333333394,0.06390815108333969,Premium
110,656.15,711.48,474.33,799.64,158.2310614260045,5,14,-193.8033333333334,-0.22801644011828104,Premium
111,849.9533333333334,753.69,749.47,1046.7,170.40067556595346,3,9,104.16333333333341,0.13966845001050343,Premium
112,745.79,792.82,462.69,1025.08,241.87395684529574,5,16,65.70777777777778,0.09661740247094297,Premium
113,680.0822222222222,610.14,474.33,989.8,187.72030236350156,9,29,12.902222222222235,0.01933844273242946,Premium
114,667.18,625.65,520.89,855.0,170.88279228757943,3,9,118.87999999999988,0.21681561189130005,Premium
115,548.3000000000001,489.465,440.5,876.12,164.73376618046464,6,18,-205.0799999999998,-0.27221322572937934,Premium
116,753.3799999999999,766.3,459.47,1025.08,220.5955864245701,5,10,-8.700000000000045,-0.011416124291413032,Premium
117,762.0799999999999,864.36,394.39,959.42,221.7567828951349,6,13,105.52499999999998,0.16072530100296234,Premium
118,656.555,656.555,458.55,854.56,280.0213564176846,2,6,-55.37590909090909,-0.0777827010792671,Premium
122,711.930909090909,655.2,465.6,1091.72,208.56699338363904,11,23,108.39757575757574,0.17960495265256116,Premium
123,603.5333333333333,576.0,494.7,739.9,124.89725110399083,3,6,-105.84000000000003,-0.1492021126628198,Premium
124,709.3733333333333,737.94,571.88,818.3,125.66918848044385,3,7,175.95533333333333,0.32986388410839784,Premium
125,533.418,549.99,394.63,639.19,95.16310587617451,5,13,-195.27533333333326,-0.26798012881504785,Premium
126,728.6933333333333,792.82,504.4,888.86,200.09134147517065,3,8,-2.991111111111195,-0.004087979639067374,Premium
127,731.6844444444445,655.2,454.61,1080.58,211.2881672687275,9,21,-178.95305555555547,-0.1965140415978427,Premium
128,910.6374999999999,931.21,663.3,1116.83,225.1020296628472,4,10,163.96249999999998,0.21959018314527734,Premium
129,746.675,784.49,563.57,854.15,129.56202285649394,4,10,25.708999999999946,0.035659101816174266,Premium
130,720.966,766.3,585.59,824.5,114.95372103590208,5,12,-14.066000000000031,-0.019136581808683162,Premium
131,735.032,723.45,513.35,997.2,178.16840452223846,5,11,106.56200000000001,0.1695578150110586,Premium
132,628.47,631.0,429.66,822.22,164.52093747200286,4,9,-31.67666666666662,-0.04798428632021157,Premium
133,660.1466666666666,564.885,454.61,1091.72,247.58157828616137,6,14,210.79666666666662,0.46911464708282313,Premium
135,449.35,449.35,449.35,449.35,,1,2,-192.98000000000002,-0.300437469836377,Premium
136,642.33,613.485,425.64,954.52,171.6481673656902,6,17,-138.7824999999999,-0.17767287042519475,Premium
137,781.1125,750.115,538.94,1085.28,241.0016458277135,4,10,152.12849999999992,0.24186386299174534,Premium
138,628.984,551.93,423.0,1084.5,264.74725688852755,5,17,-108.9135,-0.14759976826049692,Premium
139,737.8975,790.86,447.69,922.18,216.06182516045413,4,11,9.162500000000023,0.012573157595010542,Premium
140,728.735,728.735,580.37,877.1,209.81979518148427,2,5,-132.9225,-0.15426373007836647,Premium
141,861.6575,870.18,621.77,1084.5,243.15827991591541,4,15,116.75250000000005,0.15673475141125381,Premium
142,744.905,744.905,466.69,1023.12,393.4554262556307,2,4,-371.92499999999995,-0.33301845401717356,Premium
145,1116.83,1116.83,1116.83,1116.83,,1,2,516.4875,0.8603213998675756,Premium
146,600.3425,571.355,404.1,854.56,187.3596118653466,4,8,-354.1775,-0.3710529899844949,Premium
147,954.52,954.52,954.52,954.52,,1,4,313.34000000000003,0.48869272279235165,Premium
148,641.18,623.425,425.64,956.87,178.57639664860528,6,15,-12.150833333333367,-0.018598285452622987,Premium
149,653.3308333333333,612.25,533.45,854.56,118.01872043014906,12,30,-51.86041666666665,-0.07354092477277141,Premium
150,705.19125,703.165,413.15,1090.8,234.43886808642213,8,19,174.08375,0.3277749796415981,Premium
151,531.1075,512.155,452.59,647.53,85.67087656646605,4,9,-192.12750000000005,-0.26565016903219574,Premium
152,723.235,723.235,637.75,808.72,120.89404637946404,2,6,63.735000000000014,0.09664139499620927,Premium
153,659.5,639.19,557.16,852.97,113.25355292440062,5,12,-24.44799999999998,-0.03574540754560285,Premium
154,683.948,658.8,544.77,875.42,146.3900846027489,5,11,-111.11533333333341,-0.13975658123671497,Premium
155,795.0633333333334,824.5,710.16,850.53,74.67142849399178,3,6,152.2066666666667,0.23676610130822318,Premium
156,642.8566666666667,706.78,500.51,721.28,123.4888360676111,3,6,-72.87404761904759,-0.1018176894808469,Premium
157,715.7307142857143,715.01,453.33,1041.04,164.6359445034026,14,29,97.2047142857142,0.1571554215759956,Premium
158,618.5260000000001,544.65,537.81,818.3,121.70698225656571,5,14,98.1826666666667,0.18868823789421096,Premium
159,520.3433333333334,554.77,431.64,574.62,77.45783777858334,3,6,-34.30166666666662,-0.061844362910810746,Premium
160,554.645,566.3399999999999,383.99,697.76,100.62803997892435,6,12,-170.86,-0.23550492415627733,Premium
161,725.505,742.13,534.49,939.73,142.6662433989048,10,24,64.55899999999997,0.09767666344905623,Premium
162,660.946,583.71,436.5,912.22,195.1740301115904,5,12,-38.819999999999936,-0.05547568758699328,Premium
163,699.766,752.64,440.16,863.3,159.48233281464127,5,12,73.48933333333332,0.11734324020800169,Premium
165,626.2766666666666,608.66,435.53,834.64,200.1373484218609,3,9,-57.015833333333376,-0.08344279109361419,Premium
166,683.2925,617.865,472.36,1025.08,256.4409233299812,4,8,-102.66750000000002,-0.1306268766858365,Premium
167,785.96,785.96,785.96,785.96,,1,2,67.394,0.0937895753486806,Premium
168,718.566,796.07,445.89,885.75,193.94698046115593,5,12,,,Premium
1,210.50571428571428,194.57,162.0,340.64,48.67743080567492,28,60,-44.60172473867598,-0.17483506129514204,Standard
2,255.10743902439026,242.265,165.62,439.04,69.9589999648114,82,217,-28.82865292963271,-0.10153218892052951,Standard
3,283.93609195402297,284.0,172.9,478.24,80.96231679221847,87,224,-17.165124262193274,-0.057007821083881804,Standard
4,301.10121621621624,294.175,191.1,513.52,85.72687008555097,74,178,3.151054925893675,0.01057577855386116,Standard
5,297.95016129032257,282.245,189.15,511.56,86.36070088501256,62,158,9.447304147465445,0.032745963908383136,Standard
6,288.5028571428571,291.525,191.1,510.93,77.8294001405238,56,164,6.913142857142873,0.02455040971464051,Standard
7,281.58971428571425,273.53999999999996,202.56,448.77,64.8900194637368,70,208,-32.886627177700404,-0.10457583875678089,Standard
8,314.47634146341466,303.8,200.58,558.6,97.02770031687079,41,101,19.23227896341467,0.0651402734421278,Standard
9,295.2440625,251.71499999999997,214.37,511.85,87.9176557503732,32,86,-41.25284226190473,-0.12259501254876037,Standard
10,336.4969047619047,321.815,211.37,566.79,93.83116195380117,42,103,44.08213203463197,0.15075206913621342,Standard
11,292.41477272727275,283.24,226.81,455.7,54.66514362785598,44,124,-41.5443181818182,-0.12439942290155304,Standard
12,333.95909090909095,314.495,229.5,513.41,93.6305922690763,22,62,-3.333409090909072,-0.009882843795545604,Standard
13,337.2925,341.995,251.23,482.16,69.02719341146039,20,54,67.21750000000003,0.24888456910117562,Standard
14,270.075,267.97,249.34,314.28,23.64495189252877,6,14,11.311666666666667,0.04371433356091159,Standard
15,258.7633333333333,261.9,245.7,268.69,11.811605874449647,3,8,7.663333333333327,0.030519049515465246,Standard
16,251.1,251.1,251.1,251.1,,1,1,-120.89000000000001,-0.3249818543509234,Standard
18,371.99,392.85,278.39,444.73,85.10936258720308,3,6,73.92500000000001,0.24801637226779394,Standard
19,298.065,298.065,286.7,309.43,16.07253713637024,2,4,-88.685,-0.22930833872010348,Standard
20,386.75,386.75,386.75,386.75,,1,2,67.16000000000003,0.21014424731687487,Standard
21,319.59,319.59,319.59,319.59,,1,3,-28.306923076923113,-0.08136583338124037,Standard
22,347.8969230769231,308.28,272.09,484.58,72.80755688624355,13,36,-22.693076923076887,-0.06123499534007093,Standard
23,370.59,384.57,281.3,445.9,83.18575779543035,3,6,13.977272727272748,0.039194542590128334,Standard
24,356.6127272727272,348.23,286.15,492.94,61.08391655598209,11,28,-28.324415584415647,-0.07358192398421615,Standard
25,384.9371428571429,364.94,290.03,580.16,94.99158630179762,14,34,7.4296428571428805,0.019680782122587948,Standard
26,377.5075,369.865,283.24,487.06,84.27975612011858,4,7,-2.393026315789484,-0.006299086603002713,Standard
27,379.9005263157895,363.17,267.25,571.93,100.52823027906607,19,47,-12.004473684210495,-0.03063108070632037,Standard
28,391.905,374.63,285.18,576.05,108.75359396360194,8,19,17.05583333333334,0.04550052354391432,Standard
29,374.84916666666663,377.25,286.15,439.41,50.60391944186525,12,29,-5.252976190476261,-0.013819906804499515,Standard
30,380.1021428571429,381.755,270.63,532.53,67.50979759988932,14,39,-6.078383458646613,-0.015739746166476,Standard
31,386.1805263157895,386.12,236.56,546.77,92.65259212502033,19,49,-21.913223684210493,-0.05369654321883266,Standard
32,408.09375,400.9,299.39,511.85,63.579955722246766,8,20,93.84375,0.29862768496420045,Standard
33,314.25,304.65999999999997,250.85,391.33,62.23730296213034,6,17,-52.43555555555554,-0.1429986940066723,Standard
34,366.68555555555554,359.54,299.49,428.71,46.864032079813384,9,35,-10.480694444444453,-0.027787996525257652,Standard
35,377.16625,359.905,281.3,510.72,78.89671746521344,8,19,-4.553750000000036,-0.011929555695274097,Standard
36,381.72,401.68,281.3,489.61,83.30529995144367,9,21,2.902380952380952,0.007661684162626248,Standard
37,378.8176190476191,359.79,261.0,582.12,93.91844663881328,21,52,9.423452380952426,0.02551056088943593,Standard
38,369.39416666666665,337.01,270.09,539.1,97.47794738562746,12,35,22.803690476190468,0.06579433666739942,Standard
39,346.5904761904762,334.18,266.02,486.92,57.60900931939297,21,56,-19.540293040293022,-0.05336971017581138,Standard
40,366.1307692307692,329.09,277.83,576.24,96.37912390325498,13,30,8.868769230769203,0.0248242724688581,Standard
41,357.262,360.92499999999995,264.21,546.0,72.8807246627558,20,50,11.754916666666645,0.03402221613883927,Standard
42,345.50708333333336,336.59,251.1,519.4,64.11732218493428,24,58,-8.82262254901957,-0.024899471883254698,Standard
43,354.3297058823529,327.78,260.1,582.12,84.34496476808238,34,93,-1.1845798319327514,-0.0033320175293455323,Standard
44,355.5142857142857,347.39,303.94,446.28,53.86980411360426,7,21,-54.475214285714344,-0.132869779069255,Standard
45,409.9895,367.545,277.55,576.05,99.18129993921019,20,47,15.236499999999978,0.03859755340681392,Standard
46,394.75300000000004,349.25,284.05,546.11,94.36916034030045,10,28,-0.7484285714285193,-0.0018923536487134296,Standard
47,395.50142857142856,394.2,273.53,565.73,77.90596697371704,14,32,41.98698412698411,0.11877020808291872,Standard
48,353.51444444444445,326.47,250.0,576.05,100.19153021976346,9,22,57.66444444444443,0.19491108482151231,Standard
50,295.85,295.85,295.85,295.85,,1,2,-117.84999999999997,-0.2848682620256223,Standard
52,413.7,413.7,413.7,413.7,,1,2,80.36500000000001,0.24109379453102742,Standard
53,333.335,308.765,268.69,424.34,60.1246916238008,8,22,26.51642857142855,0.08642380559940022,Standard
54,306.81857142857143,278.73,247.5,549.28,84.80900721913034,14,41,-29.643928571428603,-0.08810470281659499,Standard
55,336.46250000000003,290.03999999999996,257.05,549.28,98.16607015433311,12,36,-11.887499999999989,-0.034125161475527466,Standard
56,348.35,322.65,271.6,442.06,62.284154887097884,9,28,-54.27166666666665,-0.134795693227306,Standard
57,402.62166666666667,385.72,257.75,570.51,134.7352134249494,6,16,121.92566666666664,0.4343690920663872,Standard
58,280.696,264.675,225.04,353.24,48.49107757561637,10,25,-92.54774999999995,-0.2479552571208492,Standard
59,373.24375,395.17499999999995,236.32,513.52,110.40247874255361,8,25,35.28089285714282,0.1043928115515651,Standard
60,337.96285714285716,345.925,224.24,480.2,72.97247578353101,14,30,35.71841269841275,0.11817723486718434,Standard
61,302.2444444444444,286.15,264.81,362.08,41.1431519548245,9,22,-49.23888888888894,-0.14008882987971627,Standard
62,351.48333333333335,353.08,245.7,481.18,98.04357079890552,9,21,14.671666666666681,0.04356044673828596,Standard
63,336.81166666666667,315.25,250.01,518.66,84.33306337841569,12,30,112.71166666666667,0.502952550944519,Standard
64,224.1,224.1,224.1,224.1,,1,2,-108.36047619047619,-0.3259349124206673,Standard
65,332.4604761904762,326.89,236.58,549.28,75.78755144983842,21,48,-14.754786967418568,-0.042494638148176334,Standard
66,347.21526315789475,320.4,236.58,570.51,95.54973047048564,19,53,26.591929824561475,0.08293822395301276,Standard
67,320.6233333333333,308.77,250.26,402.84,76.97753070431223,3,7,-63.85333333333335,-0.16607856566935153,Standard
68,384.47666666666663,382.57,252.2,518.66,133.24023203722416,3,7,127.3411111111111,0.4952294941708222,Standard
69,257.1355555555555,247.5,235.71,307.58,26.5083147857003,9,20,-84.01111111111118,-0.2462609760546134,Standard
70,341.1466666666667,343.38,307.58,372.48,32.50758885757805,3,6,40.206666666666706,0.13360359761635787,Standard
71,300.94,261.42,230.76,485.0,84.07632142880658,9,25,-53.3630769230769,-0.15061420687199567,Standard
72,354.3030769230769,344.35,253.15,471.59,82.39076054435306,13,35,-11.225256410256463,-0.030709675247034607,Standard
73,365.52833333333336,343.935,312.51,443.29,57.061129472405895,6,16,55.81833333333333,0.1802277399287504,Standard
74,309.71000000000004,327.06500000000005,229.73,354.98,56.87244030870021,4,9,-84.82,-0.2149899880870909,Standard
76,394.53000000000003,423.29,266.64,549.28,92.78078895978412,7,17,65.0266666666667,0.19734752303972658,Standard
77,329.50333333333333,309.3,229.7,508.01,94.23653127458941,6,16,35.857777777777756,0.12211244849232439,Standard
78,293.6455555555556,271.62,220.0,471.38,81.38893200415998,9,23,-169.52535353535353,-0.3660103650898331,Standard
79,463.1709090909091,471.59,345.16,550.96,80.85845947760139,11,29,86.3444090909091,0.2291357138919612,Standard
80,376.8265,380.91999999999996,238.5,549.28,103.50947128161752,20,62,-13.537785714285747,-0.03467987776984871,Standard
81,390.36428571428576,410.62,225.0,508.01,98.71195788034714,7,24,-38.92446428571424,-0.0906719877604858,Standard
82,429.28875,433.15999999999997,289.06,549.28,84.3145351708199,8,22,50.562298387096746,0.13350611812764668,Standard
83,378.72645161290325,388.02,237.65,549.28,92.33734454157346,31,86,-18.431643625191953,-0.04640883277008934,Standard
84,397.1580952380952,404.89,248.32,549.28,99.95314760521788,21,63,43.26434523809519,0.12225235748892205,Standard
85,353.89375,336.95,247.35,549.28,95.55178343878953,16,35,-2.561964285714282,-0.00718732841987979,Standard
86,356.4557142857143,388.02,235.71,428.54,77.02205114059714,7,14,-9.0830357142857,-0.024848352505133064,Standard
87,365.53875,367.78,248.29,561.54,92.95814794649718,8,20,32.64499999999998,0.09806432232506612,Standard
88,332.89375,331.255,247.35,462.32,79.19193265866345,8,24,30.763750000000016,0.1018228908085923,Standard
89,302.13,296.73,227.5,379.27,54.625385307565566,6,17,-61.06769230769231,-0.16813898766723778,Standard
90,363.1976923076923,376.36,245.2,534.1,82.46074774843345,13,37,35.663692307692315,0.10888546626515816,Standard
91,327.534,363.24,222.13,414.54,92.88968984768978,5,10,-51.726,-0.13638664768232878,Standard
92,379.26,377.3,360.84,399.64,19.474116154526747,3,8,83.84499999999997,0.2838210652810451,Standard
95,295.415,267.03999999999996,227.5,522.34,81.20577593653391,12,32,-76.26833333333332,-0.20519707636428852,Standard
96,371.68333333333334,375.34,280.09,459.62,89.82084186497774,3,8,44.460000000000036,0.13587050638198184,Standard
97,327.2233333333333,349.2,266.78,365.69,52.99082404844571,3,8,-15.734166666666681,-0.045877890603549076,Standard
98,342.9575,351.65,241.11,427.42,77.3536602775417,4,14,-36.797500000000014,-0.09689800002633275,Standard
99,379.755,379.755,377.33,382.18,3.429467888754772,2,4,47.82166666666666,0.14407009439646523,Standard
100,331.93333333333334,331.66,222.36,466.48,85.48138437695076,9,23,60.458333333333314,0.22270313411302434,Standard
101,271.475,271.475,270.0,272.95,2.085965004500287,2,5,-50.03499999999997,-0.15562501943951967,Standard
102,321.51,274.51,253.59,436.43,100.07180621933432,3,7,-78.22333333333336,-0.19568879252835225,Standard
103,399.73333333333335,378.97,371.42,448.81,42.66895866239687,3,6,21.509047619047635,0.05686849954234763,Standard
104,378.2242857142857,405.65,232.8,438.44,72.12466773052125,7,24,40.074285714285736,0.11851038212120568,Standard
105,338.15,321.525,225.04,538.93,110.61198162947807,6,16,-39.434444444444466,-0.10443874217982152,Standard
106,377.58444444444444,356.72,233.03,534.1,108.33940004807937,9,23,49.31944444444446,0.15024277472299663,Standard
107,328.265,328.265,309.13,347.4,27.06097651600916,2,6,-9.371250000000032,-0.027755461683986904,Standard
108,337.63625,344.615,258.02,436.43,69.89570739680659,8,20,-28.529464285714255,-0.07791407871533562,Standard
109,366.1657142857143,371.42,259.28,538.93,101.30933320893043,7,21,67.73571428571427,0.2269735424914192,Standard
110,298.43,298.43,298.43,298.43,,1,4,-25.781000000000006,-0.07951920200116591,Standard
111,324.211,318.21500000000003,223.25,448.81,75.4603706811286,10,28,46.62099999999998,0.1679491336143233,Standard
112,277.59000000000003,277.59000000000003,270.0,285.18,10.733880938411817,2,6,-53.074444444444396,-0.16050847115908018,Standard
113,330.6644444444444,318.14,223.25,484.03,107.096992967953,9,24,-96.05222222222221,-0.22509601739379503,Standard
114,426.71666666666664,373.46,361.81,544.88,102.49810063280847,3,9,163.01166666666666,0.6181591803972875,Standard
115,263.705,257.1,231.59,320.4,32.643042597159976,6,16,-72.30166666666668,-0.21517926231622386,Standard
116,336.00666666666666,287.24,281.3,546.84,105.06006428070881,6,17,34.28666666666663,0.11363736797914159,Standard
117,301.72,298.73,232.12,377.3,76.83255039369705,4,10,-7.952499999999986,-0.025680355859819648,Standard
119,309.6725,310.40999999999997,257.23,360.64,48.447379960117544,4,14,5.732500000000016,0.01886063038757646,Standard
121,303.94,303.94,303.94,303.94,,1,1,-21.77733333333333,-0.06685960833115012,Standard
122,325.71733333333333,326.7,230.1,448.81,76.55802742893474,15,42,27.712333333333333,0.09299284687617093,Standard
123,298.005,300.21500000000003,243.02,343.98,40.52503460825174,6,17,-71.77875,-0.19411007108884581,Standard
124,369.78375,359.12,261.92,453.56,73.44184267403115,8,20,118.73974999999999,0.47298381956947777,Standard
125,251.044,248.04,223.1,281.3,25.642036385591535,5,15,-37.11799999999997,-0.12880948910682177,Standard
126,288.162,288.575,209.86,460.15,68.9025746656506,10,29,-31.998833333333323,-0.0999461208298954,Standard
127,320.1608333333333,331.765,202.5,448.81,67.72135428736752,12,33,-60.564166666666665,-0.15907588591940813,Standard
128,380.72499999999997,392.2,255.47,458.82,82.01789847344298,6,15,55.74874999999997,0.17154715152261124,Standard
129,324.97625,318.97,209.86,453.56,90.4815810676405,8,23,36.264250000000004,0.1256070062900052,Standard
130,288.712,235.2,209.86,453.56,101.97721250357847,5,12,1.774000000000001,0.006182520265701985,Standard
131,286.938,297.67,222.44,359.83,62.77134035529272,5,13,-26.67628571428577,-0.08506081173415947,Standard
132,313.61428571428576,299.7,209.86,453.13,75.76040541451339,7,23,-44.115714285714205,-0.12332125984880837,Standard
133,357.72999999999996,403.76,235.12,455.76,93.25821876203013,7,15,83.16666666666663,0.30290521919654223,Standard
134,274.56333333333333,264.81,196.18,362.7,83.68735408252152,3,9,-4.891666666666708,-0.017504308982364658,Standard
135,279.45500000000004,254.33,192.06,417.1,107.61449731952166,4,17,-117.1964285714285,-0.29546453165067554,Standard
136,396.65142857142854,362.08,347.96,455.76,52.737664095840614,7,14,92.30542857142854,0.3032910850526327,Standard
137,304.346,297.87,106.7,513.52,151.4503650705405,5,13,68.55600000000001,0.29075024386106296,Standard
138,235.79,235.79,235.79,235.79,,1,2,-55.79999999999998,-0.1913645872629376,Standard
139,291.59,291.59,291.59,291.59,,1,2,59.91999999999996,0.2586437605214311,Standard
140,231.67000000000002,231.67000000000002,224.72,238.62,9.828784258493004,2,6,-88.06333333333333,-0.27542743953294413,Standard
142,319.73333333333335,303.41999999999996,268.61,390.0,44.616919959435414,6,16,24.873333333333335,0.08435641773497027,Standard
143,294.86,294.86,213.4,376.32,115.20183679091231,2,3,-26.67500000000001,-0.08296141944111846,Standard
145,321.535,279.26,208.96,486.67,119.38065986582586,6,14,62.23000000000002,0.2399876593201058,Standard
146,259.305,259.305,233.57,285.04,36.39478602767162,2,5,-188.575,-0.42103911762079127,Standard
147,447.88,447.88,445.39,450.37,3.5213917703090196,2,4,122.71500000000003,0.37739301585348994,Standard
148,325.16499999999996,323.21500000000003,285.39,368.84,39.92450918086949,4,11,63.38499999999999,0.24213079685231875,Standard
149,261.78,261.78,238.62,284.94,32.753186104560896,2,9,-151.73000000000002,-0.366931875891756,Standard
150,413.51,413.51,413.51,413.51,,1,4,53.69199999999995,0.1492198833854892,Standard
151,359.81800000000004,369.96,266.93,470.22,83.62790305872797,5,15,-46.771999999999935,-0.11503480164293256,Standard
152,406.59,459.62,239.77,520.38,147.6300399647714,3,8,-1.1183333333333394,-0.0027429739397036856,Standard
153,407.7083333333333,431.165,317.31,450.37,52.83014609734358,6,16,11.529242424242398,0.029101087585886587,Standard
154,396.1790909090909,424.67,239.3,554.68,99.803100197794,11,25,21.559090909090912,0.05754922563955711,Standard
155,374.62,378.97,208.37,486.67,93.9494753843788,9,22,-53.73600000000005,-0.1254470580545155,Standard
156,428.35600000000005,453.56,265.72,546.84,114.32017704674885,5,11,99.55750000000006,0.30279183147125077,Standard
157,328.7985,316.70500000000004,197.88,511.9,92.82267215531252,20,55,-0.5790000000000077,-0.0017578614204066811,Standard
158,329.3775,310.19,265.93,431.2,75.08432209855796,4,12,10.39416666666665,0.03258529703746271,Standard
159,318.98333333333335,302.25,283.61,371.09,46.078096025479724,3,9,-57.365757575757584,-0.15242698590605752,Standard
160,376.34909090909093,345.17,280.98,511.9,82.51065742733425,11,26,17.10766233766236,0.047621629848465075,Standard
161,359.24142857142857,339.93,205.72,554.68,108.3880622929437,7,21,21.44342857142857,0.06348003413705405,Standard
162,337.798,326.35,217.28,448.87,78.44910137577527,10,26,-40.52533333333332,-0.10711824982158114,Standard
163,378.3233333333333,381.495,231.46,492.94,88.75116645242848,6,12,29.56047619047615,0.08475809732906225,Standard
164,348.7628571428572,362.18,259.96,486.67,80.83640758022459,7,24,25.68035714285719,0.07948544765766385,Standard
165,323.0825,309.81,231.46,436.43,67.80767292233864,8,22,36.46249999999998,0.1272154769381062,Standard
166,286.62,231.46,206.1,506.27,124.36969827896182,5,16,-122.95999999999998,-0.3002099711899995,Standard
167,409.58,410.78,280.98,546.84,104.83192872402951,6,15,100.00999999999999,0.32306102012468907,Standard
168,309.57,266.44,218.4,446.88,99.72170108189425,10,30,,,Standard
